"Код";"Артикул";"Наименование";"Единица";"Категория";"Артикул_SUFIX";"Артикул_LYNX";"Артикул_555";"Артикул_CTR";"Артикул_Ti-Guar";"Бренд";"Тип_детали";"Оригинальный_номер"
"LEN00007916";"";"54530-25000  шаровая опора TI-GUAR";"шт";"555/SB шаровые опоры";"";"";"";"";"";"";"";""
"LEN00007876";"";"CBN-70 40160-EN001  шаровая опора TI-GUAR";"шт";"555/SB шаровые опоры";"";"";"";"";"";"";"";""
"LEN00007697";"";"SB-1392 G030-99-356 шаровая опора TI-GUAR";"шт";"555/SB шаровые опоры";"";"";"";"";"";"";"";""
"LEN00010599";"";"SB-4742 40160-52Y00 шаровая опора TI-GUAR";"шт";"555/SB шаровые опоры";"";"";"";"";"";"";"";""
"LEN00014760";"";"45046-69236 Наконечник рулевой тяги | прав | Toyota";"шт";"555/SE рулевые наконечники";"";"";"";"";"";"";"";""
"LEN00014759";"";"45047-69146 Наконечник рулевой тяги | лев | Toyota";"шт";"555/SE рулевые наконечники";"";"";"";"";"";"";"";""
"LEN00001971";"3027270";"CEHO-47 KTR1130 наконечник рулевой KYB";"шт";"555/SE рулевые наконечники";"";"";"";"";"";"";"";""
"LEN00011901";"";"CEHO-48 KTR1131 наконечник рулевой KYB";"шт";"555/SE рулевые наконечники";"";"";"";"";"";"";"";""
"AMR00001028";"T27RV10E";"48830-42020 стойка стабилизатора RBI";"шт";"555/SL стойки стабилизатора";"";"";"";"";"";"";"";""
"LEN00013498";"";"CLT-30 ASL0121 стойка стабилизатора AVANTECH";"шт";"555/SL стойки стабилизатора";"";"";"";"";"";"";"";""
"2381";"54447";"SL-3560 48820-34020 стойка стабилизатора TI-GUAR";"шт";"555/SL стойки стабилизатора";"";"";"";"";"";"";"";""
"LEN00010053";"";"SL-N690L LS22017L стойка стабилизатора JIKIU";"шт";"555/SL стойки стабилизатора";"";"";"";"";"";"";"";""
"LEN00010054";"";"SL-N690R LS22017R стойка стабилизатора JIKIU";"шт";"555/SL стойки стабилизатора";"";"";"";"";"";"";"";""
"LEN00011123";"";"ARE0232 тяга рулевая AVANTECH";"шт";"555/SR рулевые тяги";"";"";"";"";"";"";"";""
"LEN00006315";"";"CRN-25/ARE0219 тяга рулевая AVANTECH";"шт";"555/SR рулевые тяги";"";"";"";"";"";"";"";""
"LEN00012760";"";"CRN-8/ARE0212 тяга рулевая AVANTECH";"шт";"555/SR рулевые тяги";"";"";"";"";"";"";"";""
"LEN00015017";"";"CRN-8/SD-1305 тяга рулевая SUFIX";"шт";"555/SR рулевые тяги";"";"";"";"";"";"";"";""
"LEN00008363";"";"CRT-37/SR-2970 тяга рулевая TI-GUAR";"шт";"555/SR рулевые тяги";"";"";"";"";"";"";"";""
"LEN00007522";"54200";"SR-2920 TG-45503-29215 тяга рулеваяTI-GUAR";"шт";"555/SR рулевые тяги";"";"";"";"";"";"";"";""
"LEN00009175";"";"SR-4950 Рулевая тяга TG-48521-3U025 TiGuar";"шт";"555/SR рулевые тяги";"";"";"";"";"";"";"";""
"LEN00004860";"";"18130  шаровая опора FEBI";"шт";"CHASE/SB шаровые опоры";"";"";"";"";"";"";"";""
"779";"";"CBHO-16 ABJ0301 шаровая опора  AVANTECH";"шт";"CHASE/SB шаровые опоры";"";"";"";"";"";"";"";""
"759";"";"CBT-56 KBJ1002 шаровые опоры KYB";"шт";"CHASE/SB шаровые опоры";"";"";"";"";"";"";"";""
"762";"";"CBT-73/V61-048   шаровые опоры JETT";"шт";"CHASE/SB шаровые опоры";"";"";"";"";"";"";"";""
"774";"";"SB-4872  TG-40160-41U00 шаровые опоры TI-GUAR";"шт";"CHASE/SB шаровые опоры";"";"";"";"";"";"";"";""
"775";"";"SB-4882 Шаровая опора TG-40160-AV60A TiGuar";"шт";"CHASE/SB шаровые опоры";"";"";"";"";"";"";"";""
"LEN00014917";"";"V61-116 шаровая опора JETT";"шт";"CHASE/SB шаровые опоры";"";"";"";"";"";"";"";""
"LEN00010653";"";"CEN-124 ATE0227R рулевой наконечник AVANTECH";"шт";"CHASE/SE рулевой наконечник";"";"";"";"";"";"";"";""
"LEN00010652";"";"CEN-125 ATE0227L рулевой наконечник AVANTECH";"шт";"CHASE/SE рулевой наконечник";"";"";"";"";"";"";"";""
"LEN00014391";"";"CEN-153L ATE0235L рулевой наконечник AVANTECH";"шт";"CHASE/SE рулевой наконечник";"";"";"";"";"";"";"";""
"LEN00014390";"";"CEN-153R ATE0235R рулевой наконечник AVANTECH";"шт";"CHASE/SE рулевой наконечник";"";"";"";"";"";"";"";""
"782";"";"CEN-47 48520-50Y00 рулевой наконечник  TI-GUAR";"шт";"CHASE/SE рулевой наконечник";"";"";"";"";"";"";"";""
"LEN00010335";"";"CET-115L DC17094  рулевой наконечник MILES";"шт";"CHASE/SE рулевой наконечник";"";"";"";"";"";"";"";""
"LEN00010045";"";"CET-115L KTR1230 рулевой наконечник KYB";"шт";"CHASE/SE рулевой наконечник";"";"";"";"";"";"";"";""
"LEN00010336";"";"CET-115R DC17095 рулевой наконечник MILES";"шт";"CHASE/SE рулевой наконечник";"";"";"";"";"";"";"";""
"LEN00010046";"";"CET-115R KTR1229 рулевой наконечник KYB";"шт";"CHASE/SE рулевой наконечник";"";"";"";"";"";"";"";""
"1849";"";"CET-151 ATE0128R  рулевой наконечник AVANTECH";"шт";"CHASE/SE рулевой наконечник";"";"";"";"";"";"";"";""
"1848";"";"CET-152 ATE0128L рулевой наконечник AVANTECH";"шт";"CHASE/SE рулевой наконечник";"";"";"";"";"";"";"";""
"687";"53560-SR3-003";"SE-6191L рулевой наконечник CR-V/CIVIC TI-GUAR";"шт";"CHASE/SE рулевой наконечник";"";"";"";"";"";"";"";""
"688";"53540-SR3-003";"SE-6191R рулевой наконечник CR-V/CIVIC TI-GUAR";"шт";"CHASE/SE рулевой наконечник";"";"";"";"";"";"";"";""
"LEN00011072";"48810-76G00";"SE-7461 рулевой наконечник TI-GUAR";"шт";"CHASE/SE рулевой наконечник";"";"";"";"";"";"";"";""
"LEN00009821";"";"TG-6001550442 Наконечник рулевой  TiGuar";"шт";"CHASE/SE рулевой наконечник";"";"";"";"";"";"";"";""
"LEN00009822";"";"TG-6001550443 Наконечник рулевой  TiGuar";"шт";"CHASE/SE рулевой наконечник";"";"";"";"";"";"";"";""
"AMR00000969";"T27S010";"0123-EXZ10F 48819-10010 rbi";"шт";"CHASE/SL стойки стабилизатора";"";"";"";"";"";"";"";""
"LEN00005494";"";"20420-AA004 тяга стаб. FR SAT";"шт";"CHASE/SL стойки стабилизатора";"";"";"";"";"";"";"";""
"LEN00005495";"";"20481-AA001 тяга стаб. RR SAT";"шт";"CHASE/SL стойки стабилизатора";"";"";"";"";"";"";"";""
"LEN00010863";"";"2123-FOC TG-1203093 стойка стабилизатора TI-GUAR";"шт";"CHASE/SL стойки стабилизатора";"";"";"";"";"";"";"";""
"LEN00014385";"";"41562 стойка стабилизатора Sidem";"шт";"CHASE/SL стойки стабилизатора";"";"";"";"";"";"";"";""
"LEN00005413";"";"48810-30010 тяга стаб. R8";"шт";"CHASE/SL стойки стабилизатора";"";"";"";"";"";"";"";""
"LEN00005409";"";"48820-30030 тяга стаб. R8";"шт";"CHASE/SL стойки стабилизатора";"";"";"";"";"";"";"";""
"LEN00006570";"";"ADT385100 стойка стабилизатора Blue Print";"шт";"CHASE/SL стойки стабилизатора";"";"";"";"";"";"";"";""
"2229";"O27205FR";"CLHO-45 51320-SAE-T01тяга стаб. CITY 2006,JAZZ FR RH RBI";"шт";"CHASE/SL стойки стабилизатора";"";"";"";"";"";"";"";""
"2230";"O27205FL";"CLHO-46 51321-SAE-T01тяга стаб. CITY 2006,JAZZ FR LH RBI";"шт";"CHASE/SL стойки стабилизатора";"";"";"";"";"";"";"";""
"2313";"MR 403771";"CLM-18/ML-7875 тяга стаб. MR 403771 MASUMA";"шт";"CHASE/SL стойки стабилизатора";"";"";"";"";"";"";"";""
"2319";"";"CLM-24 MR992310 тяга стабилизатора L-200 правая FEBI";"шт";"CHASE/SL стойки стабилизатора";"";"";"";"";"";"";"";""
"LEN00005836";"";"CLMZ-33/S10H-34-150  тяга стаб. MAZDA (МАГНИТОФОН)";"шт";"CHASE/SL стойки стабилизатора";"";"";"";"";"";"";"";""
"AMR00000970";"N2729F";"CLN-1  54618-50Y00 тяга стаб.CLN-1/SL-4740  RBI";"шт";"CHASE/SL стойки стабилизатора";"";"";"";"";"";"";"";""
"LEN00000149";"54618-0W001";"CLN-16 SL-4840 /54618-0W001/ тяга стабилизатора TERRANO 50 OEM";"шт";"CHASE/SL стойки стабилизатора";"";"";"";"";"";"";"";""
"AMR00000125";"54618-50Y00";"CLT-1 SL-4740 стойка стаб. RBI";"шт";"CHASE/SL стойки стабилизатора";"";"";"";"";"";"";"";""
"738";"";"CLT-14 48810-33010 тяга стабилизатора SXV20 MCU10 FR AISK";"шт";"CHASE/SL стойки стабилизатора";"";"";"";"";"";"";"";""
"LEN00001808";"48830-32040";"CLT-42 SL195 тяга стабилизатора SV35 AISK";"шт";"CHASE/SL стойки стабилизатора";"";"";"";"";"";"";"";""
"739";"48820-33020";"CLT-69 KSLF1014 тяга стабилизатора KYB";"шт";"CHASE/SL стойки стабилизатора";"";"";"";"";"";"";"";""
"LEN00003600";"ML-9015";"ML-9015 тяга стаб. 48820-28020 MASUMA";"шт";"CHASE/SL стойки стабилизатора";"";"";"";"";"";"";"";""
"LEN00003740";"ML-9015";"ML-9015 тяга стаб. 48820-28020 SAT";"шт";"CHASE/SL стойки стабилизатора";"";"";"";"";"";"";"";""
"LEN00009632";"";"SL-1650 TG-BP4K-34-170D тяга стабилизатора TI-GUAR";"шт";"CHASE/SL стойки стабилизатора";"";"";"";"";"";"";"";""
"732";"48830-33010";"SL-2935 тяга стабилизатора SV4#/ACU1#/SXV10 AISK";"шт";"CHASE/SL стойки стабилизатора";"";"";"";"";"";"";"";""
"LEN00012124";"ATLTO1085";"SL-3775 48830-28010 стойка стабилизатора TENACITY";"шт";"CHASE/SL стойки стабилизатора";"";"";"";"";"";"";"";""
"741";"";"SL-3830 TG-48820-22041 тяга стабилизатора TI-GUAR";"шт";"CHASE/SL стойки стабилизатора";"";"";"";"";"";"";"";""
"747";"";"SL-6260 TG-51320-S04-003 тяга стабилизатора TI-GUAR";"шт";"CHASE/SL стойки стабилизатора";"";"";"";"";"";"";"";""
"LEN00011887";"";"TR 2472 Стойка стабилизатора | перед, прав, лев | BM";"шт";"CHASE/SL стойки стабилизатора";"";"";"";"";"";"";"";""
"LEN00002257";"";"0322-RF1 53010-S47-003 рулевая тяга HONDA STEP WG 96- SAT";"шт";"CHASE/SR рулевые тяги";"";"";"";"";"";"";"";""
"LEN00009445";"";"0422-H57  рулевая тяга FEBEST";"шт";"CHASE/SR рулевые тяги";"";"";"";"";"";"";"";""
"LEN00012956";"";"BKSR0027 тяга рулевая BAIKOR";"шт";"CHASE/SR рулевые тяги";"";"";"";"";"";"";"";""
"LEN00008376";"53010-S10-000";"CRHO-17 08050310  рулевая тяга CR-V RD-1,RD2 95- GMB";"шт";"CHASE/SR рулевые тяги";"";"";"";"";"";"";"";""
"1865";"C2078LR";"CRMZ-4 SR-1410 рулевая тяга Bongo 83- Bongo 4wd 84 CTR";"шт";"CHASE/SR рулевые тяги";"";"";"";"";"";"";"";""
"1868";"";"CRT-27 SR-2960 рулевая тяга 45503-19205 TiGuar";"шт";"CHASE/SR рулевые тяги";"";"";"";"";"";"";"";""
"1872";"53011-SAA-J01";"SR-6340L рулевая тяга FIT 02- 555";"шт";"CHASE/SR рулевые тяги";"";"";"";"";"";"";"";""
"LEN00013219";"";"C1090LR DB35070 шаровая опора Miles";"шт";"LYNX/SB опора шаровая";"";"";"";"";"";"";"";""
"LEN00012461";"";"CBHO-56 ABJ0313 шаровая опора AVANTECH";"шт";"LYNX/SB опора шаровая";"";"";"";"";"";"";"";""
"LEN00009936";"";"CBT-16 0101-0725 шаровая опора GMB";"шт";"LYNX/SB опора шаровая";"";"";"";"";"";"";"";""
"LEN00011283";"";"CBT-84 ABJ0101 шаровая опора AVANTECH";"шт";"LYNX/SB опора шаровая";"";"";"";"";"";"";"";""
"LEN00005876";"";"DB35008 шаровая опора MILES";"шт";"LYNX/SB опора шаровая";"";"";"";"";"";"";"";""
"LEN00011889";"77877";"CET-126L 13559AP рулевой наконечник APlus";"шт";"LYNX/SE рулевые наконечники";"";"";"";"";"";"";"";""
"LEN00011888";"77877";"CET-126R 13581AP рулевой наконечник APlus";"шт";"LYNX/SE рулевые наконечники";"";"";"";"";"";"";"";""
"LEN00007178";"";"CET-59 V71-001 рулевой наконечник JETT";"шт";"LYNX/SE рулевые наконечники";"";"";"";"";"";"";"";""
"LEN00009853";"";"BLK43003 стойка стабилизатора  JIKIU";"шт";"LYNX/SL стойка стабилизатора";"";"";"";"";"";"";"";""
"LEN00015071";"";"CLHO-70 1005-0370 стойка стабилизатора  GMB";"шт";"LYNX/SL стойка стабилизатора";"";"";"";"";"";"";"";""
"LEN00009764";"";"CLT-7 KLSF1080 стойка стабилизатора KYB";"шт";"LYNX/SL стойка стабилизатора";"";"";"";"";"";"";"";""
"LEN00011181";"";"CLT-8 J4972007 стойка стабилизатора NIPPARTS";"шт";"LYNX/SL стойка стабилизатора";"";"";"";"";"";"";"";""
"LEN00009765";"";"CLT-8 KLSF1079 стойка стабилизатора KYB";"шт";"LYNX/SL стойка стабилизатора";"";"";"";"";"";"";"";""
"LEN00001066";"";"A01RE 10660 рулевая тяга NZE12 QSTEN";"шт";"LYNX/SR Тяга рулевая";"";"";"";"";"";"";"";""
"LEN00013302";"";"TED1054 рулевая тяга TATSUMI";"шт";"LYNX/SR Тяга рулевая";"";"";"";"";"";"";"";""
"LEN00004564";"";"52320-S5A-003 стойка стабилизатора  SAT";"шт";"SUFIX/стойки стабилизатора";"";"";"";"";"";"";"";""
"LEN00005366";"";"52321-S5A-003 стойка стабилизатора  SAT";"шт";"SUFIX/стойки стабилизатора";"";"";"";"";"";"";"";""
"LEN00004580";"";"CLN-40 ST-54618-AU000 стойка стабилизатора SAT";"шт";"SUFIX/стойки стабилизатора";"";"";"";"";"";"";"";""
"LEN00003991";"";"CLT-41/48820-22041/ стойка стабилизатора /SL-3830/ SAT";"шт";"SUFIX/стойки стабилизатора";"";"";"";"";"";"";"";""
"LEN00004411";"";"CLT-57 /48830-33040/стойка стабилизатора SAT";"шт";"SUFIX/стойки стабилизатора";"";"";"";"";"";"";"";""
"LEN00004588";"";"CRT-113 45503-29425 тяга рулевая SAT";"шт";"SUFIX/тяги рулевые";"";"";"";"";"";"";"";""
"LEN00006118";"";"CRT-73 тяга рулевая 45503-49095 SAT";"шт";"SUFIX/тяги рулевые";"";"";"";"";"";"";"";""
"LEN00004598";"";"CBT-48 шаровая опора /SB-3561/ SAT";"шт";"SUFIX/шаровые опоры";"";"";"";"";"";"";"";""
"LEN00001169";"";"CBT-91 48068-29265 шаровые опоры нижняя ACM2# SAT";"шт";"SUFIX/шаровые опоры";"";"";"";"";"";"";"";""
"LEN00012955";"";"SE-1206 Наконечник рулевой тяги SUFIX";"шт";"TI-GUAR/РУЛЕВЫЕ НАКОНЕЧНИКИ";"";"";"";"";"";"";"";""
"LEN00012657";"";"54618-02E00 Стойка стабилизатора";"шт";"TI-GUAR/СТОЙКИ СТАБИЛИЗАТОРА";"";"";"";"";"";"";"";""
"LEN00013199";"";"CRT-54 /AJ5045 рулевая тяга PARTRA";"шт";"TI-GUAR/ТЯГИ РУЛЕВЫЕ";"";"";"";"";"";"";"";""
"LEN00010342";"";"CRT-54 /SD-1007 рулевая тяга SUFIX";"шт";"TI-GUAR/ТЯГИ РУЛЕВЫЕ";"";"";"";"";"";"";"";""
"LEN00014884";"";"CBT-40 V61-001 шаровая опора JETT";"шт";"TI-GUAR/ШАРОВЫЕ ОПОРЫ";"";"";"";"";"";"";"";""
"LEN00012146";"";"JB25005  шаровая опора JIKIU";"шт";"TI-GUAR/ШАРОВЫЕ ОПОРЫ";"";"";"";"";"";"";"";""
"LEN00003699";"";"5495-PF колодки KASHIYAMA";"шт";"КОЛОДКИ/TI-GUAR";"";"";"";"";"";"";"";""
"LEN00003975";"";"8265-PF SX-1163 Колодки тормозные SUFIX";"шт";"КОЛОДКИ/TI-GUAR";"";"";"";"";"";"";"";""
"1675";"SN686P";"PF 1472/PF1440 колодки тормозные (AV 836)";"шт";"КОЛОДКИ/TI-GUAR";"";"";"";"";"";"";"";""
"1677";"SN423P";"PF 8254 колодки тормозные (AV 573)";"шт";"КОЛОДКИ/TI-GUAR";"";"";"";"";"";"";"";""
"1676";"SN421P";"PF 8264 колодки тормозные (AV 571)";"шт";"КОЛОДКИ/TI-GUAR";"";"";"";"";"";"";"";""
"LEN00012355";"";"PF0171 Колодки тормозные дисковые | зад | TRIALLI";"шт";"КОЛОДКИ/TI-GUAR";"";"";"";"";"";"";"";""
"LEN00014335";"MIT-05-E54WT";"HAB-039 51810-SH3-004 сайленблок переднего нижнего рычага PERFECT";"шт";"САЙЛЕНТБЛОКИ/TI-GUAR";"";"";"";"";"";"";"";""
"LEN00013117";"";"NAB-003 55045-0M000 сайлентблок задней балки AVANTECH";"шт";"САЙЛЕНТБЛОКИ/TI-GUAR";"";"";"";"";"";"";"";""
"LEN00014300";"";"TAB-017/TAB-J520 C9204  сайлентблок LYNXauto";"шт";"САЙЛЕНТБЛОКИ/TI-GUAR";"";"";"";"";"";"";"";""
"LEN00009051";"T24C02WB";"TAB-047 Сайлентблок TG-48655-33040* Ti·GUAR";"шт";"САЙЛЕНТБЛОКИ/TI-GUAR";"";"";"";"";"";"";"";""
"LEN00004007";"";"TAB-090 сайленблок косого рычага TG-48655-22010* Ti·GUAR";"шт";"САЙЛЕНТБЛОКИ/TI-GUAR";"";"";"";"";"";"";"";""
"LEN00012997";"";"TAB-099 SL-1190 сайленблок задний переднего рычага  SUFIX";"шт";"САЙЛЕНТБЛОКИ/TI-GUAR";"";"";"";"";"";"";"";""
"LEN00014848";"";"334176 SU-1494 стойка SUFIX";"шт";"СТОЙКИ/TI-GUAR";"";"";"";"";"";"";"";""
"LEN00014847";"";"334177 SU-1493 стойка SUFIX";"шт";"СТОЙКИ/TI-GUAR";"";"";"";"";"";"";"";""
"LEN00013330";"";"339253 SU-1162 стойка амортизационная SUFIX";"шт";"СТОЙКИ/TI-GUAR";"";"";"";"";"";"";"";""
"LEN00011790";"";"341298  амортизатор HOYO";"шт";"СТОЙКИ/TI-GUAR";"";"";"";"";"";"";"";""
"LEN00007916";"";"54530-25000  шаровая опора TI-GUAR";"шт";"555/SB шаровые опоры";"";"";"";"";"";"";"";""
"LEN00007876";"";"CBN-70 40160-EN001  шаровая опора TI-GUAR";"шт";"555/SB шаровые опоры";"";"";"";"";"";"";"";""
"LEN00007697";"";"SB-1392 G030-99-356 шаровая опора TI-GUAR";"шт";"555/SB шаровые опоры";"";"";"";"";"";"";"";""
"LEN00010599";"";"SB-4742 40160-52Y00 шаровая опора TI-GUAR";"шт";"555/SB шаровые опоры";"";"";"";"";"";"";"";""
"LEN00014760";"";"45046-69236 Наконечник рулевой тяги | прав | Toyota";"шт";"555/SE рулевые наконечники";"";"";"";"";"";"";"";""
"LEN00014759";"";"45047-69146 Наконечник рулевой тяги | лев | Toyota";"шт";"555/SE рулевые наконечники";"";"";"";"";"";"";"";""
"LEN00001971";"3027270";"CEHO-47 KTR1130 наконечник рулевой KYB";"шт";"555/SE рулевые наконечники";"";"";"";"";"";"";"";""
"LEN00011901";"";"CEHO-48 KTR1131 наконечник рулевой KYB";"шт";"555/SE рулевые наконечники";"";"";"";"";"";"";"";""
"AMR00001028";"T27RV10E";"48830-42020 стойка стабилизатора RBI";"шт";"555/SL стойки стабилизатора";"";"";"";"";"";"";"";""
"LEN00013498";"";"CLT-30 ASL0121 стойка стабилизатора AVANTECH";"шт";"555/SL стойки стабилизатора";"";"";"";"";"";"";"";""
"2381";"54447";"SL-3560 48820-34020 стойка стабилизатора TI-GUAR";"шт";"555/SL стойки стабилизатора";"";"";"";"";"";"";"";""
"LEN00010053";"";"SL-N690L LS22017L стойка стабилизатора JIKIU";"шт";"555/SL стойки стабилизатора";"";"";"";"";"";"";"";""
"LEN00010054";"";"SL-N690R LS22017R стойка стабилизатора JIKIU";"шт";"555/SL стойки стабилизатора";"";"";"";"";"";"";"";""
"LEN00011123";"";"ARE0232 тяга рулевая AVANTECH";"шт";"555/SR рулевые тяги";"";"";"";"";"";"";"";""
"LEN00006315";"";"CRN-25/ARE0219 тяга рулевая AVANTECH";"шт";"555/SR рулевые тяги";"";"";"";"";"";"";"";""
"LEN00012760";"";"CRN-8/ARE0212 тяга рулевая AVANTECH";"шт";"555/SR рулевые тяги";"";"";"";"";"";"";"";""
"LEN00015017";"";"CRN-8/SD-1305 тяга рулевая SUFIX";"шт";"555/SR рулевые тяги";"";"";"";"";"";"";"";""
"LEN00008363";"";"CRT-37/SR-2970 тяга рулевая TI-GUAR";"шт";"555/SR рулевые тяги";"";"";"";"";"";"";"";""
"LEN00007522";"54200";"SR-2920 TG-45503-29215 тяга рулеваяTI-GUAR";"шт";"555/SR рулевые тяги";"";"";"";"";"";"";"";""
"LEN00009175";"";"SR-4950 Рулевая тяга TG-48521-3U025 TiGuar";"шт";"555/SR рулевые тяги";"";"";"";"";"";"";"";""
"LEN00004860";"";"18130  шаровая опора FEBI";"шт";"CHASE/SB шаровые опоры";"";"";"";"";"";"";"";""
"779";"";"CBHO-16 ABJ0301 шаровая опора  AVANTECH";"шт";"CHASE/SB шаровые опоры";"";"";"";"";"";"";"";""
"759";"";"CBT-56 KBJ1002 шаровые опоры KYB";"шт";"CHASE/SB шаровые опоры";"";"";"";"";"";"";"";""
"762";"";"CBT-73/V61-048   шаровые опоры JETT";"шт";"CHASE/SB шаровые опоры";"";"";"";"";"";"";"";""
"774";"";"SB-4872  TG-40160-41U00 шаровые опоры TI-GUAR";"шт";"CHASE/SB шаровые опоры";"";"";"";"";"";"";"";""
"775";"";"SB-4882 Шаровая опора TG-40160-AV60A TiGuar";"шт";"CHASE/SB шаровые опоры";"";"";"";"";"";"";"";""
"LEN00014917";"";"V61-116 шаровая опора JETT";"шт";"CHASE/SB шаровые опоры";"";"";"";"";"";"";"";""
"LEN00010653";"";"CEN-124 ATE0227R рулевой наконечник AVANTECH";"шт";"CHASE/SE рулевой наконечник";"";"";"";"";"";"";"";""
"LEN00010652";"";"CEN-125 ATE0227L рулевой наконечник AVANTECH";"шт";"CHASE/SE рулевой наконечник";"";"";"";"";"";"";"";""
"LEN00014391";"";"CEN-153L ATE0235L рулевой наконечник AVANTECH";"шт";"CHASE/SE рулевой наконечник";"";"";"";"";"";"";"";""
"LEN00014390";"";"CEN-153R ATE0235R рулевой наконечник AVANTECH";"шт";"CHASE/SE рулевой наконечник";"";"";"";"";"";"";"";""
"782";"";"CEN-47 48520-50Y00 рулевой наконечник  TI-GUAR";"шт";"CHASE/SE рулевой наконечник";"";"";"";"";"";"";"";""
"LEN00010335";"";"CET-115L DC17094  рулевой наконечник MILES";"шт";"CHASE/SE рулевой наконечник";"";"";"";"";"";"";"";""
"LEN00010045";"";"CET-115L KTR1230 рулевой наконечник KYB";"шт";"CHASE/SE рулевой наконечник";"";"";"";"";"";"";"";""
"LEN00010336";"";"CET-115R DC17095 рулевой наконечник MILES";"шт";"CHASE/SE рулевой наконечник";"";"";"";"";"";"";"";""
"LEN00010046";"";"CET-115R KTR1229 рулевой наконечник KYB";"шт";"CHASE/SE рулевой наконечник";"";"";"";"";"";"";"";""
"1849";"";"CET-151 ATE0128R  рулевой наконечник AVANTECH";"шт";"CHASE/SE рулевой наконечник";"";"";"";"";"";"";"";""
"1848";"";"CET-152 ATE0128L рулевой наконечник AVANTECH";"шт";"CHASE/SE рулевой наконечник";"";"";"";"";"";"";"";""
"687";"53560-SR3-003";"SE-6191L рулевой наконечник CR-V/CIVIC TI-GUAR";"шт";"CHASE/SE рулевой наконечник";"";"";"";"";"";"";"";""
"688";"53540-SR3-003";"SE-6191R рулевой наконечник CR-V/CIVIC TI-GUAR";"шт";"CHASE/SE рулевой наконечник";"";"";"";"";"";"";"";""
"LEN00011072";"48810-76G00";"SE-7461 рулевой наконечник TI-GUAR";"шт";"CHASE/SE рулевой наконечник";"";"";"";"";"";"";"";""
"LEN00009821";"";"TG-6001550442 Наконечник рулевой  TiGuar";"шт";"CHASE/SE рулевой наконечник";"";"";"";"";"";"";"";""
"LEN00009822";"";"TG-6001550443 Наконечник рулевой  TiGuar";"шт";"CHASE/SE рулевой наконечник";"";"";"";"";"";"";"";""
"AMR00000969";"T27S010";"0123-EXZ10F 48819-10010 rbi";"шт";"CHASE/SL стойки стабилизатора";"";"";"";"";"";"";"";""
"LEN00005494";"";"20420-AA004 тяга стаб. FR SAT";"шт";"CHASE/SL стойки стабилизатора";"";"";"";"";"";"";"";""
"LEN00005495";"";"20481-AA001 тяга стаб. RR SAT";"шт";"CHASE/SL стойки стабилизатора";"";"";"";"";"";"";"";""
"LEN00010863";"";"2123-FOC TG-1203093 стойка стабилизатора TI-GUAR";"шт";"CHASE/SL стойки стабилизатора";"";"";"";"";"";"";"";""
"LEN00014385";"";"41562 стойка стабилизатора Sidem";"шт";"CHASE/SL стойки стабилизатора";"";"";"";"";"";"";"";""
"LEN00005413";"";"48810-30010 тяга стаб. R8";"шт";"CHASE/SL стойки стабилизатора";"";"";"";"";"";"";"";""
"LEN00005409";"";"48820-30030 тяга стаб. R8";"шт";"CHASE/SL стойки стабилизатора";"";"";"";"";"";"";"";""
"LEN00006570";"";"ADT385100 стойка стабилизатора Blue Print";"шт";"CHASE/SL стойки стабилизатора";"";"";"";"";"";"";"";""
"2229";"O27205FR";"CLHO-45 51320-SAE-T01тяга стаб. CITY 2006,JAZZ FR RH RBI";"шт";"CHASE/SL стойки стабилизатора";"";"";"";"";"";"";"";""
"2230";"O27205FL";"CLHO-46 51321-SAE-T01тяга стаб. CITY 2006,JAZZ FR LH RBI";"шт";"CHASE/SL стойки стабилизатора";"";"";"";"";"";"";"";""
"2313";"MR 403771";"CLM-18/ML-7875 тяга стаб. MR 403771 MASUMA";"шт";"CHASE/SL стойки стабилизатора";"";"";"";"";"";"";"";""
"2319";"";"CLM-24 MR992310 тяга стабилизатора L-200 правая FEBI";"шт";"CHASE/SL стойки стабилизатора";"";"";"";"";"";"";"";""
"LEN00005836";"";"CLMZ-33/S10H-34-150  тяга стаб. MAZDA (МАГНИТОФОН)";"шт";"CHASE/SL стойки стабилизатора";"";"";"";"";"";"";"";""
"AMR00000970";"N2729F";"CLN-1  54618-50Y00 тяга стаб.CLN-1/SL-4740  RBI";"шт";"CHASE/SL стойки стабилизатора";"";"";"";"";"";"";"";""
"LEN00000149";"54618-0W001";"CLN-16 SL-4840 /54618-0W001/ тяга стабилизатора TERRANO 50 OEM";"шт";"CHASE/SL стойки стабилизатора";"";"";"";"";"";"";"";""
"AMR00000125";"54618-50Y00";"CLT-1 SL-4740 стойка стаб. RBI";"шт";"CHASE/SL стойки стабилизатора";"";"";"";"";"";"";"";""
"738";"";"CLT-14 48810-33010 тяга стабилизатора SXV20 MCU10 FR AISK";"шт";"CHASE/SL стойки стабилизатора";"";"";"";"";"";"";"";""
"LEN00001808";"48830-32040";"CLT-42 SL195 тяга стабилизатора SV35 AISK";"шт";"CHASE/SL стойки стабилизатора";"";"";"";"";"";"";"";""
"739";"48820-33020";"CLT-69 KSLF1014 тяга стабилизатора KYB";"шт";"CHASE/SL стойки стабилизатора";"";"";"";"";"";"";"";""
"LEN00003600";"ML-9015";"ML-9015 тяга стаб. 48820-28020 MASUMA";"шт";"CHASE/SL стойки стабилизатора";"";"";"";"";"";"";"";""
"LEN00003740";"ML-9015";"ML-9015 тяга стаб. 48820-28020 SAT";"шт";"CHASE/SL стойки стабилизатора";"";"";"";"";"";"";"";""
"LEN00009632";"";"SL-1650 TG-BP4K-34-170D тяга стабилизатора TI-GUAR";"шт";"CHASE/SL стойки стабилизатора";"";"";"";"";"";"";"";""
"732";"48830-33010";"SL-2935 тяга стабилизатора SV4#/ACU1#/SXV10 AISK";"шт";"CHASE/SL стойки стабилизатора";"";"";"";"";"";"";"";""
"LEN00012124";"ATLTO1085";"SL-3775 48830-28010 стойка стабилизатора TENACITY";"шт";"CHASE/SL стойки стабилизатора";"";"";"";"";"";"";"";""
"741";"";"SL-3830 TG-48820-22041 тяга стабилизатора TI-GUAR";"шт";"CHASE/SL стойки стабилизатора";"";"";"";"";"";"";"";""
"747";"";"SL-6260 TG-51320-S04-003 тяга стабилизатора TI-GUAR";"шт";"CHASE/SL стойки стабилизатора";"";"";"";"";"";"";"";""
"LEN00011887";"";"TR 2472 Стойка стабилизатора | перед, прав, лев | BM";"шт";"CHASE/SL стойки стабилизатора";"";"";"";"";"";"";"";""
"LEN00002257";"";"0322-RF1 53010-S47-003 рулевая тяга HONDA STEP WG 96- SAT";"шт";"CHASE/SR рулевые тяги";"";"";"";"";"";"";"";""
"LEN00009445";"";"0422-H57  рулевая тяга FEBEST";"шт";"CHASE/SR рулевые тяги";"";"";"";"";"";"";"";""
"LEN00012956";"";"BKSR0027 тяга рулевая BAIKOR";"шт";"CHASE/SR рулевые тяги";"";"";"";"";"";"";"";""
"LEN00008376";"53010-S10-000";"CRHO-17 08050310  рулевая тяга CR-V RD-1,RD2 95- GMB";"шт";"CHASE/SR рулевые тяги";"";"";"";"";"";"";"";""
"1865";"C2078LR";"CRMZ-4 SR-1410 рулевая тяга Bongo 83- Bongo 4wd 84 CTR";"шт";"CHASE/SR рулевые тяги";"";"";"";"";"";"";"";""
"1868";"";"CRT-27 SR-2960 рулевая тяга 45503-19205 TiGuar";"шт";"CHASE/SR рулевые тяги";"";"";"";"";"";"";"";""
"1872";"53011-SAA-J01";"SR-6340L рулевая тяга FIT 02- 555";"шт";"CHASE/SR рулевые тяги";"";"";"";"";"";"";"";""
"LEN00013219";"";"C1090LR DB35070 шаровая опора Miles";"шт";"LYNX/SB опора шаровая";"";"";"";"";"";"";"";""
"LEN00012461";"";"CBHO-56 ABJ0313 шаровая опора AVANTECH";"шт";"LYNX/SB опора шаровая";"";"";"";"";"";"";"";""
"LEN00009936";"";"CBT-16 0101-0725 шаровая опора GMB";"шт";"LYNX/SB опора шаровая";"";"";"";"";"";"";"";""
"LEN00011283";"";"CBT-84 ABJ0101 шаровая опора AVANTECH";"шт";"LYNX/SB опора шаровая";"";"";"";"";"";"";"";""
"LEN00005876";"";"DB35008 шаровая опора MILES";"шт";"LYNX/SB опора шаровая";"";"";"";"";"";"";"";""
"LEN00011889";"77877";"CET-126L 13559AP рулевой наконечник APlus";"шт";"LYNX/SE рулевые наконечники";"";"";"";"";"";"";"";""
"LEN00011888";"77877";"CET-126R 13581AP рулевой наконечник APlus";"шт";"LYNX/SE рулевые наконечники";"";"";"";"";"";"";"";""
"LEN00007178";"";"CET-59 V71-001 рулевой наконечник JETT";"шт";"LYNX/SE рулевые наконечники";"";"";"";"";"";"";"";""
"LEN00009853";"";"BLK43003 стойка стабилизатора  JIKIU";"шт";"LYNX/SL стойка стабилизатора";"";"";"";"";"";"";"";""
"LEN00015071";"";"CLHO-70 1005-0370 стойка стабилизатора  GMB";"шт";"LYNX/SL стойка стабилизатора";"";"";"";"";"";"";"";""
"LEN00009764";"";"CLT-7 KLSF1080 стойка стабилизатора KYB";"шт";"LYNX/SL стойка стабилизатора";"";"";"";"";"";"";"";""
"LEN00011181";"";"CLT-8 J4972007 стойка стабилизатора NIPPARTS";"шт";"LYNX/SL стойка стабилизатора";"";"";"";"";"";"";"";""
"LEN00009765";"";"CLT-8 KLSF1079 стойка стабилизатора KYB";"шт";"LYNX/SL стойка стабилизатора";"";"";"";"";"";"";"";""
"LEN00001066";"";"A01RE 10660 рулевая тяга NZE12 QSTEN";"шт";"LYNX/SR Тяга рулевая";"";"";"";"";"";"";"";""
"LEN00013302";"";"TED1054 рулевая тяга TATSUMI";"шт";"LYNX/SR Тяга рулевая";"";"";"";"";"";"";"";""
"LEN00004564";"";"52320-S5A-003 стойка стабилизатора  SAT";"шт";"SUFIX/стойки стабилизатора";"";"";"";"";"";"";"";""
"LEN00005366";"";"52321-S5A-003 стойка стабилизатора  SAT";"шт";"SUFIX/стойки стабилизатора";"";"";"";"";"";"";"";""
"LEN00004580";"";"CLN-40 ST-54618-AU000 стойка стабилизатора SAT";"шт";"SUFIX/стойки стабилизатора";"";"";"";"";"";"";"";""
"LEN00003991";"";"CLT-41/48820-22041/ стойка стабилизатора /SL-3830/ SAT";"шт";"SUFIX/стойки стабилизатора";"";"";"";"";"";"";"";""
"LEN00004411";"";"CLT-57 /48830-33040/стойка стабилизатора SAT";"шт";"SUFIX/стойки стабилизатора";"";"";"";"";"";"";"";""
"LEN00004588";"";"CRT-113 45503-29425 тяга рулевая SAT";"шт";"SUFIX/тяги рулевые";"";"";"";"";"";"";"";""
"LEN00006118";"";"CRT-73 тяга рулевая 45503-49095 SAT";"шт";"SUFIX/тяги рулевые";"";"";"";"";"";"";"";""
"LEN00004598";"";"CBT-48 шаровая опора /SB-3561/ SAT";"шт";"SUFIX/шаровые опоры";"";"";"";"";"";"";"";""
"LEN00001169";"";"CBT-91 48068-29265 шаровые опоры нижняя ACM2# SAT";"шт";"SUFIX/шаровые опоры";"";"";"";"";"";"";"";""
"LEN00012955";"";"SE-1206 Наконечник рулевой тяги SUFIX";"шт";"TI-GUAR/РУЛЕВЫЕ НАКОНЕЧНИКИ";"";"";"";"";"";"";"";""
"LEN00012657";"";"54618-02E00 Стойка стабилизатора";"шт";"TI-GUAR/СТОЙКИ СТАБИЛИЗАТОРА";"";"";"";"";"";"";"";""
"LEN00013199";"";"CRT-54 /AJ5045 рулевая тяга PARTRA";"шт";"TI-GUAR/ТЯГИ РУЛЕВЫЕ";"";"";"";"";"";"";"";""
"LEN00010342";"";"CRT-54 /SD-1007 рулевая тяга SUFIX";"шт";"TI-GUAR/ТЯГИ РУЛЕВЫЕ";"";"";"";"";"";"";"";""
"LEN00014884";"";"CBT-40 V61-001 шаровая опора JETT";"шт";"TI-GUAR/ШАРОВЫЕ ОПОРЫ";"";"";"";"";"";"";"";""
"LEN00012146";"";"JB25005  шаровая опора JIKIU";"шт";"TI-GUAR/ШАРОВЫЕ ОПОРЫ";"";"";"";"";"";"";"";""
"LEN00003699";"";"5495-PF колодки KASHIYAMA";"шт";"КОЛОДКИ/TI-GUAR";"";"";"";"";"";"";"";""
"LEN00003975";"";"8265-PF SX-1163 Колодки тормозные SUFIX";"шт";"КОЛОДКИ/TI-GUAR";"";"";"";"";"";"";"";""
"1675";"SN686P";"PF 1472/PF1440 колодки тормозные (AV 836)";"шт";"КОЛОДКИ/TI-GUAR";"";"";"";"";"";"";"";""
"1677";"SN423P";"PF 8254 колодки тормозные (AV 573)";"шт";"КОЛОДКИ/TI-GUAR";"";"";"";"";"";"";"";""
"1676";"SN421P";"PF 8264 колодки тормозные (AV 571)";"шт";"КОЛОДКИ/TI-GUAR";"";"";"";"";"";"";"";""
"LEN00012355";"";"PF0171 Колодки тормозные дисковые | зад | TRIALLI";"шт";"КОЛОДКИ/TI-GUAR";"";"";"";"";"";"";"";""
"LEN00014335";"MIT-05-E54WT";"HAB-039 51810-SH3-004 сайленблок переднего нижнего рычага PERFECT";"шт";"САЙЛЕНТБЛОКИ/TI-GUAR";"";"";"";"";"";"";"";""
"LEN00013117";"";"NAB-003 55045-0M000 сайлентблок задней балки AVANTECH";"шт";"САЙЛЕНТБЛОКИ/TI-GUAR";"";"";"";"";"";"";"";""
"LEN00014300";"";"TAB-017/TAB-J520 C9204  сайлентблок LYNXauto";"шт";"САЙЛЕНТБЛОКИ/TI-GUAR";"";"";"";"";"";"";"";""
"LEN00009051";"T24C02WB";"TAB-047 Сайлентблок TG-48655-33040* Ti·GUAR";"шт";"САЙЛЕНТБЛОКИ/TI-GUAR";"";"";"";"";"";"";"";""
"LEN00004007";"";"TAB-090 сайленблок косого рычага TG-48655-22010* Ti·GUAR";"шт";"САЙЛЕНТБЛОКИ/TI-GUAR";"";"";"";"";"";"";"";""
"LEN00012997";"";"TAB-099 SL-1190 сайленблок задний переднего рычага  SUFIX";"шт";"САЙЛЕНТБЛОКИ/TI-GUAR";"";"";"";"";"";"";"";""
"LEN00014848";"";"334176 SU-1494 стойка SUFIX";"шт";"СТОЙКИ/TI-GUAR";"";"";"";"";"";"";"";""
"LEN00014847";"";"334177 SU-1493 стойка SUFIX";"шт";"СТОЙКИ/TI-GUAR";"";"";"";"";"";"";"";""
"LEN00013330";"";"339253 SU-1162 стойка амортизационная SUFIX";"шт";"СТОЙКИ/TI-GUAR";"";"";"";"";"";"";"";""
"LEN00011790";"";"341298  амортизатор HOYO";"шт";"СТОЙКИ/TI-GUAR";"";"";"";"";"";"";"";""
