"Код";"Артикул";"Наименование";"Единица";"Категория";"Главная категория";"Артикул_SUFIX";"Артикул_LYNX";"Артикул_555";"Артикул_CTR";"Артикул_Ti-Guar";"Бренд";"Тип_детали";"Оригинальный_номер"
"LEN00003699";"";"5495-PF колодки KASHIYAMA";"шт";"КОЛОДКИ/TI-GUAR";"КОЛОДКИ";"";"";"";"";"";"";"";""
"LEN00003975";"";"8265-PF SX-1163 Колодки тормозные SUFIX";"шт";"КОЛОДКИ/TI-GUAR";"КОЛОДКИ";"";"";"";"";"";"";"";""
"1675";"SN686P";"PF 1472/PF1440 колодки тормозные (AV 836)";"шт";"КОЛОДКИ/TI-GUAR";"КОЛОДКИ";"";"";"";"";"";"";"";""
"1677";"SN423P";"PF 8254 колодки тормозные (AV 573)";"шт";"КОЛОДКИ/TI-GUAR";"КОЛОДКИ";"";"";"";"";"";"";"";""
"1676";"SN421P";"PF 8264 колодки тормозные (AV 571)";"шт";"КОЛОДКИ/TI-GUAR";"КОЛОДКИ";"";"";"";"";"";"";"";""
"LEN00012355";"";"PF0171 Колодки тормозные дисковые | зад | TRIALLI";"шт";"КОЛОДКИ/TI-GUAR";"КОЛОДКИ";"";"";"";"";"";"";"";""
"LEN00014335";"MIT-05-E54WT";"HAB-039 51810-SH3-004 сайленблок переднего нижнего рычага PERFECT";"шт";"САЙЛЕНТБЛОКИ/TI-GUAR";"САЙЛЕНТБЛОКИ";"";"";"";"";"";"";"";""
"LEN00013117";"";"NAB-003 55045-0M000 сайлентблок задней балки AVANTECH";"шт";"САЙЛЕНТБЛОКИ/TI-GUAR";"САЙЛЕНТБЛОКИ";"";"";"";"";"";"";"";""
"LEN00014300";"";"TAB-017/TAB-J520 C9204  сайлентблок LYNXauto";"шт";"САЙЛЕНТБЛОКИ/TI-GUAR";"САЙЛЕНТБЛОКИ";"";"";"";"";"";"";"";""
"LEN00009051";"T24C02WB";"TAB-047 Сайлентблок TG-48655-33040* Ti·GUAR";"шт";"САЙЛЕНТБЛОКИ/TI-GUAR";"САЙЛЕНТБЛОКИ";"";"";"";"";"";"";"";""
"LEN00004007";"";"TAB-090 сайленблок косого рычага TG-48655-22010* Ti·GUAR";"шт";"САЙЛЕНТБЛОКИ/TI-GUAR";"САЙЛЕНТБЛОКИ";"";"";"";"";"";"";"";""
"LEN00012997";"";"TAB-099 SL-1190 сайленблок задний переднего рычага  SUFIX";"шт";"САЙЛЕНТБЛОКИ/TI-GUAR";"САЙЛЕНТБЛОКИ";"";"";"";"";"";"";"";""
"LEN00014848";"";"334176 SU-1494 стойка SUFIX";"шт";"СТОЙКИ/TI-GUAR";"СТОЙКИ";"";"";"";"";"";"";"";""
"LEN00014847";"";"334177 SU-1493 стойка SUFIX";"шт";"СТОЙКИ/TI-GUAR";"СТОЙКИ";"";"";"";"";"";"";"";""
"LEN00013330";"";"339253 SU-1162 стойка амортизационная SUFIX";"шт";"СТОЙКИ/TI-GUAR";"СТОЙКИ";"";"";"";"";"";"";"";""
"LEN00011790";"";"341298  амортизатор HOYO";"шт";"СТОЙКИ/TI-GUAR";"СТОЙКИ";"";"";"";"";"";"";"";""
